http://careers.stackoverflow.com/jobs/18169/python-developer-web-crawling-machine-learning-scrapinghub,"Python developer (Web Crawling, Machine Learning) at Scrapinghub (Cork, Ireland) (allows remote)",Cork,Ireland,python|erlang|machine-learning|scrapy|web-crawler
http://careers.stackoverflow.com/jobs/26880/javascript-developer-front-end-bookingcom,"JavaScript Developer (Front End) at Booking.com (Amsterdam, Netherlands)",Amsterdam,Netherlands,ab-testing|css|html|javascript|jquery
http://careers.stackoverflow.com/jobs/31780/backend-developer-c-plus-plus-m-w-celeraone-gmbh,"Backend Developer C++ (m/w) at CeleraOne GmbH (Berlin, Germany)",Berlin,Germany,c++|boost|c++11|tbb|zeromq
http://careers.stackoverflow.com/jobs/36832/c-plus-plus-experienced-software-developer-think-cell-software-gmbh,"C++ Experienced Software Developer at think-cell Software GmbH (Berlin, Germany)",Berlin,Germany,c++|c++11|algorithm|data-structures|linear-programming
http://careers.stackoverflow.com/jobs/44733/front-end-developer-designer-global-platform-the-culture-trip,"Front End Developer / Designer > Global Platform for Local Culture at The Culture Trip (London, UK)",London,United Kingdom,javascript|css3|html5|ruby|sass
http://careers.stackoverflow.com/jobs/64373/software-developer-for-dynamic-startup-latest-mindlink-software,"Software Developer for dynamic startup, latest web technologies at MindLink Software (London, UK)",London,United Kingdom,javascript|c#|html5|mobile|rest
http://careers.stackoverflow.com/jobs/66687/front-end-software-engineer-mclaren-applied-technologies,"Front End Software Engineer at McLaren Applied Technologies (Woking, UK)",Woking,United Kingdom,css|html|javascript|agile|frontend
http://careers.stackoverflow.com/jobs/67031/software-engineer-c-sharp-net-wheelright-ltd,"Software Engineer C#/.Net at WheelRight Ltd (Oxford, UK)",Oxford,United Kingdom,c#|tdd|.net|agile|windows
http://careers.stackoverflow.com/jobs/67234/smart-glass-ar-android-opengl-es-developer-aero-glass,"Smart Glass / AR / Android / OpenGL ES developer at Aero Glass (Budapest, Hungary)",Budapest,Hungary,android|augmented-reality|gis|navigation|opengl-es
http://careers.stackoverflow.com/jobs/70470/big-data-software-engineers-needed-abide-financial-ltd,"Big Data Software Engineers needed at Abide Financial Ltd (Bristol, UK)",Bristol,United Kingdom,python|c#|bigdata|sql-server|functional-programming
http://careers.stackoverflow.com/jobs/71654/cloud-infrastructure-engineer-mendix,"Cloud Infrastructure Engineer at Mendix (Rotterdam, Netherlands)",Rotterdam,Netherlands,java|python|aws-opsworks|cloudfoundry|sysadmin|vim
http://careers.stackoverflow.com/jobs/71950/big-data-engineers-betsson-group,"Big Data Engineers at Betsson Group (Ta' Xbiex, Malta)",Ta’ Xbiex,Malta,hadoop|bigdata|hive|mapreduce
http://careers.stackoverflow.com/jobs/73911/graduate-developer-reboot-the-classroom-sparx,"Graduate Developer - Reboot the classroom at Sparx (Exeter, UK)",Exeter,United Kingdom,java|python|c++|ios|objective-c
http://careers.stackoverflow.com/jobs/76424/creative-developer-frontend-personalization-scarab-research,"Creative developer (frontend, personalization, profit) at Scarab Research (Budapest, Hungary)",Budapest,Hungary,javascript|user-experience|frontend|data-visualization
http://careers.stackoverflow.com/jobs/78490/mobile-ios-developer-f-m-ubimet-gmbh,"Mobile iOS Developer (f/m) at UBIMET GmbH (Wien, Österreich)",Vienna,Austria,json|objective-c|core-data|sqlite|xml
http://careers.stackoverflow.com/jobs/79350/academically-exceptional-fintech-software-g-research,"Academically Exceptional FinTech Software Developers at G-Research (London, UK)",London,United Kingdom,java|c#|sql|sysadmin|f#
http://careers.stackoverflow.com/jobs/79665/devops-engineer-python-optiver,"DevOps Engineer (Python) at Optiver (Amsterdam, Netherlands)",Amsterdam,Netherlands,python|sql|linux|unix|sysadmin
http://careers.stackoverflow.com/jobs/79781/developer-squla,"Developer at Squla (Amsterdam, Netherlands)",Amsterdam,Netherlands,python|css|html|ruby|php
http://careers.stackoverflow.com/jobs/80174/senior-software-engineer-crytek-gmbh,"Senior Software Engineer at Crytek GmbH (Frankfurt, Germany)",Frankfurt am Main,Germany,c++|sql|web|node.js|api
http://careers.stackoverflow.com/jobs/80975/software-engineer-hotel-data-management-trivago-gmbh,"Software Engineer - Hotel Data Management at trivago GmbH (Düsseldorf, Deutschland)",Dusseldorf,Germany,mysql|computer|sciene
http://careers.stackoverflow.com/jobs/81194/global-head-of-business-intelligence-m-f-westwing-home-living,"Global Head of Business Intelligence (m/f) - Munich, Germany at Westwing Home & Living (München, Deutschland)",Munich,Germany,e-commerce|analytics|business-intelligence|data|data-driven
http://careers.stackoverflow.com/jobs/81713/senior-frontend-engineer-falcon-social,"Senior Frontend Engineer at Falcon Social (Copenhagen, Denmark)",Copenhagen,Denmark,javascript|angularjs|rest|gruntjs|knockout.js
http://careers.stackoverflow.com/jobs/81714/senior-backend-engineer-falcon-social,"Senior Backend Engineer at Falcon Social (Copenhagen, Denmark)",Copenhagen,Denmark,java|angularjs|rest|domain-driven-design|refactoring
http://careers.stackoverflow.com/jobs/81824/software-engineer-lyst,"Software Engineer at Lyst (London, UK)",London,United Kingdom,python|amazon-web-services|django|postgresql|docker
http://careers.stackoverflow.com/jobs/82252/backend-software-engineer-football-radar,"Backend Software Engineer at Football Radar (London, UK)",London,United Kingdom,python|mysql|scala|php|symfony2
http://careers.stackoverflow.com/jobs/82893/senior-software-developer-reboot-the-classroom-sparx,"Senior Software Developer - Reboot the classroom at Sparx (Exeter, UK)",Exeter,United Kingdom,java|python|c++|ios|objective-c
http://careers.stackoverflow.com/jobs/83479/java-software-developer-adclear-gmbh,"Java software developer at AdClear GmbH (Berlin, Deutschland)",Berlin,Germany,java|eclipse|maven
http://careers.stackoverflow.com/jobs/83884/android-developer-actual-experience-plc,"Android Developer at Actual Experience plc (Bath, UK)",Bath,United Kingdom,java|android|mobile|android-ide
http://careers.stackoverflow.com/jobs/83962/java-backend-developer-m-f-visual-meta-gmbh,"Java Backend Developer (m/f) at Visual Meta GmbH (Berlin, Deutschland)",Berlin,Germany,hadoop|hbase|java|machine-learning|search
http://careers.stackoverflow.com/jobs/83965/java-frontend-developer-m-f-visual-meta-gmbh,"Java Frontend Developer (m/f) at Visual Meta GmbH (Berlin, Deutschland)",Berlin,Germany,java|css|jquery|html5|selenium
http://careers.stackoverflow.com/jobs/84004/technologist-with-c-plus-plus-focus-for-high-frequency-xanadu-trading,"Technologist with C++ focus for high frequency trading firm at Xanadu Trading (Barcelona, Spain)",Barcelona,Spain,java|c++|boost|stl|r
http://careers.stackoverflow.com/jobs/84092/software-engineer-team-lead-hadoop-trivago-gmbh,"Software Engineer Team Lead - Hadoop at trivago GmbH (Düsseldorf, Deutschland)",Dusseldorf,Germany,hadoop|algorithm|data-structures|computer-science|software-engineering
http://careers.stackoverflow.com/jobs/84191/javascript-expert-ecommerce-growth-management-frosmo,"JavaScript Expert: eCommerce Growth Management at Frosmo (Helsinki, Finland)",Helsinki,Finland,javascript|jquery|html5|php|node.js
http://careers.stackoverflow.com/jobs/84421/operations-engineer-cloudreach-europe-limited,"Operations Engineer at Cloudreach Europe Limited (Edinburgh, UK)",Edinburgh,United Kingdom,sysadmin
http://careers.stackoverflow.com/jobs/84562/c-sharp-net-developer-dealogic,"c# / .net Developer at Dealogic (London, UK)",London,United Kingdom,c#|sql|.net|wcf|tsql
http://careers.stackoverflow.com/jobs/84569/early-stage-career-java-software-engineer-kobalt-music-group,"Early Stage Career - Java Software Engineer at Kobalt Music Group (London, UK)",London,United Kingdom,java|sql|oracle|software-engineering
http://careers.stackoverflow.com/jobs/84704/bmw-group-principal-system-debug-engineer-bmw-group,"BMW Group - Principal System Debug Engineer/Infotainment Head Unit Software(m/f) at BMW Group (Ulm, Deutschland)",Ulm,Germany,python|c++|linux|git|testing
http://careers.stackoverflow.com/jobs/84716/senior-frontend-engineer-for-onefootball-onefootball-gmbh,"Senior Frontend Engineer for Onefootball at Onefootball GmbH (Berlin, Deutschland)",Berlin,Germany,javascript|angularjs|gruntjs|bower|unit-testing
http://careers.stackoverflow.com/jobs/84795/data-processing-engineer-criteo,"Data Processing Engineer at Criteo (Paris, France)",Paris,France,hadoop|java|python|scala|linux
http://careers.stackoverflow.com/jobs/84977/backend-developer-medior-senior-c-sharp-net-at-neocles,"Backend developer - Medior/Senior C# .NET at Amsterdam based startup at Neocles (Amsterdam, Netherlands)",Amsterdam,Netherlands,c#|asp.net|.net|azure
http://careers.stackoverflow.com/jobs/85180/c-plus-plus-developer-remote-administrator-prague-eset,"C++ Developer (Remote Administrator) Prague, Czech Republic at ESET (Prague, Czech Republic)",Prague,Czech Republic,python|javascript|c++11|perl
http://careers.stackoverflow.com/jobs/85568/salesforce-developer-m-f-delivery-hero,"Salesforce Developer (m/f) at Delivery Hero (Berlin, Germany)",Berlin,Germany,javascript|jquery|rest|apex|salesforce
http://careers.stackoverflow.com/jobs/85673/senior-machine-learning-scientist-personalization-bookingcom,"Senior Machine Learning Scientist, Personalization at Booking.com (Amsterdam, Netherlands)",Amsterdam,Netherlands,hadoop|python|machine-learning|bigdata|r
http://careers.stackoverflow.com/jobs/85767/java-developers-mtt-dublin-2-mobile-travel-technologies,"Java Developers - MTT - Dublin 2 at Mobile Travel Technologies Ltd (MTT) (Dublin, Ireland)",Dublin,Ireland,java|amazon-web-services|mongodb|spring|rest
http://careers.stackoverflow.com/jobs/85774/cloud-systems-engineer-cloudreach,"Cloud Systems Engineer at Cloudreach (Amsterdam, Netherlands)",Amsterdam,Netherlands,python|amazon-web-services|mysql|ruby|linux
http://careers.stackoverflow.com/jobs/86391/quant-developer-marriott-sinclair,"Quant Developer at Marriott Sinclair (Little Chesterford, UK)",Little Chesterford,United Kingdom,c++|c#|wpf|cuda|opencl
http://careers.stackoverflow.com/jobs/87106/data-engineer-m-f-project-a-ventures,"Data Engineer (m/f) at Project A Ventures (Berlin, Germany)",Berlin,Germany,java|python|postgresql|php|linux
http://careers.stackoverflow.com/jobs/87663/stream-techstars-senior-python-developer-stream-inc,"Stream (Techstars) - Senior Python developer at Stream INC (Amsterdam, Netherlands)",Amsterdam,Netherlands,python|amazon-web-services|django|cassandra|linux|sysadmin
http://careers.stackoverflow.com/jobs/87944/backend-web-developer-java-m-w-munich-mylivn,"Backend Web Developer JAVA (m/w) ( Munich, Germany) at mylivn (Munich, Germany)",Munich,Germany,java|nosql|playframework|spring|akka
http://careers.stackoverflow.com/jobs/88004/quality-assurance-engineer-m-f-rendering-dassault-systemes-3dexcite,"Quality Assurance Engineer (m/f) - Rendering & Cloud Computing at Dassault Systemes 3DExcite GmbH (München, Deutschland)",Munich,Germany,python|linux|windows|3d
http://careers.stackoverflow.com/jobs/88460/trading-analytics-and-execution-developer-c-plus-plus-bloomberg-lp,"Trading, Analytics And Execution Developer (C++) at Bloomberg LP (London, UK)",London,United Kingdom,c++|stl
http://careers.stackoverflow.com/jobs/88461/senior-c-plus-plus-software-engineer-bloomberg-lp,"Senior C++ Software Engineer at Bloomberg LP (London, UK)",London,United Kingdom,c++|windows|unix|continuous-integration
http://careers.stackoverflow.com/jobs/88462/communication-news-and-realtime-applications-bloomberg-lp,"Communication, News, And Realtime Applications And Services Developer (C++) at Bloomberg LP (London, UK)",London,United Kingdom,c++|data-structures|sql|linux|unix
http://careers.stackoverflow.com/jobs/88463/software-infrastructure-developer-c-plus-plus-bloomberg-lp,"Software Infrastructure Developer (C++) at Bloomberg LP (London, UK)",London,United Kingdom,c++
http://careers.stackoverflow.com/jobs/88540/software-developer-c-plus-plus-m-f-definiens-ag,"Software Developer C++ (m/f) at Definiens AG (München, Deutschland)",Munich,Germany,nosql|c++|multithreading|tcp-ip|winapi
http://careers.stackoverflow.com/jobs/88968/python-software-engineer-codilime-sp-z-oo,"Python Software Engineer at CodiLime Sp. z o.o. (Warszawa, Polska)",Warsaw,Poland,python|django|linux|git|pyramid
http://careers.stackoverflow.com/jobs/89296/discovery-software-engineer-m-f-rocket-internet-se,"Discovery Software Engineer (m/f) at Rocket Internet SE (Berlin, Germany)",Berlin,Germany,python|go|elasticsearch
http://careers.stackoverflow.com/jobs/89441/newsroom-developer-front-end-interactive-financial-times,"Newsroom Developer (Front-end Interactive) at Financial Times (London, UK)",London,United Kingdom,javascript|html5|node.js|d3.js|api
http://careers.stackoverflow.com/jobs/89561/software-engineer-all-levels-national-instruments-romania,"Software Engineer (All Levels) at National Instruments Romania S.R.L. (Cluj-Napoca, Romania)",Cluj-Napoca,Romania,c++|c#|c|.net|labview
http://careers.stackoverflow.com/jobs/90383/devops-engineer-abcam,"DevOps Engineer at Abcam (Cambridge, UK)",Cambridge,United Kingdom,sql|windows|sysadmin|chef|puppet|vmware
http://careers.stackoverflow.com/jobs/90905/senior-java-developer-m-w-proemion-gmbh,"Senior Java Developer (m/w) at PROEMION GmbH (Fulda, Deutschland)",Fulda,Germany,java|postgresql|spring|java-ee|jax-rs
http://careers.stackoverflow.com/jobs/90981/business-intelligence-developer-travelbird,"Business Intelligence Developer at TravelBird (Amsterdam, Netherlands)",Amsterdam,Netherlands,mysql|etl|data-warehouse|informatica|pentaho
http://careers.stackoverflow.com/jobs/90987/senior-software-engineer-advidi,"Senior Software Engineer at Advidi (Amsterdam, Nederland)",Amsterdam,Netherlands,python|html|ruby-on-rails
http://careers.stackoverflow.com/jobs/91009/senior-software-developer-w-m-etracker-gmbh,"(Senior) Software Developer (w/m) at etracker GmbH (Hamburg, Deutschland)",Hamburg,Germany,java|bigdata|oop|unix|open-source
http://careers.stackoverflow.com/jobs/91068/software-developer-vi-company,"Software Developer at VI Company (Rotterdam, Netherlands)",Rotterdam,Netherlands,c#|sql-server|asp.net-mvc|visual-studio
http://careers.stackoverflow.com/jobs/91150/devops-engineer-advidi,"DevOps Engineer at Advidi (Amsterdam, Netherlands)",Amsterdam,Netherlands,python|bigdata|linux|unix|sysadmin|cloud
http://careers.stackoverflow.com/jobs/91175/senior-c-sharp-entwickler-m-w-statista-gmbh,"(Senior-) C# Entwickler (m/w) at Statista GmbH (Hamburg, Deutschland)",Hamburg,Germany,tdd|linux|c|wpf|winforms
http://careers.stackoverflow.com/jobs/91196/frontend-developer-wiremind,"Frontend developer at Wiremind (Paris, France)",Paris,France,angularjs|d3.js
http://careers.stackoverflow.com/jobs/91200/c-c-plus-plus-software-engineer-intel-corporation,"C/C++ Software Engineer at Intel Corporation (Shannon, Ireland)",Shannon,Ireland,c++|linux|c|embedded|x86
http://careers.stackoverflow.com/jobs/91390/qa-engineer-adbrain,"QA Engineer at Adbrain (London, UK)",London,United Kingdom,c#|selenium|bdd|gherkin|specflow
http://careers.stackoverflow.com/jobs/91412/software-engineer-recommender-systems-junior-zalando-se,"Software Engineer, Recommender Systems (Junior, Senior) at Zalando SE (Berlin, Germany)",Berlin,Germany,java|storm|spark|kafka|aerospike
http://careers.stackoverflow.com/jobs/91481/senior-engineering-manager-machine-learning-quantcast,"Senior Engineering Manager - Machine Learning at Quantcast (London, UK)",London,United Kingdom,java|machine-learning|c++|data-mining|supervised-learning
http://careers.stackoverflow.com/jobs/91490/data-scientist-the-walking-dead-next-games,"Data Scientist (The Walking Dead) at Next Games (Helsinki, Finland)",Helsinki,Finland,hadoop|python|machine-learning|bigdata|r
http://careers.stackoverflow.com/jobs/91496/algorithmic-software-engineer-junior-senior-zalando-se,"Algorithmic Software Engineer (junior/senior) (Berlin, Dublin) at Zalando SE (Berlin, Germany)",Berlin,Germany,java|python|scala|restful-authentication
http://careers.stackoverflow.com/jobs/91550/frontend-developer-visualization-expert-zalando-se,"Frontend Developer /Visualization Expert at Zalando SE (Berlin, Germany)",Berlin,Germany,javascript|css3|html5
http://careers.stackoverflow.com/jobs/91554/java-tech-lead-passionné-de-tdd-et-clean-code-f-axa-life-invest,"Java Tech Lead passionné de TDD et clean code (f/h) at AXA Life Invest (Courbevoie, France)",Courbevoie,France,java|tdd|tomcat|refactoring|junit
http://careers.stackoverflow.com/jobs/91680/data-warehouse-engineer-junior-senior-zalando-se,"Data Warehouse Engineer (junior/senior) at Zalando SE (Berlin, Germany)",Berlin,Germany,java|python|postgresql|sql|oracle
http://careers.stackoverflow.com/jobs/91682/big-data-architect-zalando-se,"Big Data Architect at Zalando SE (Berlin, Germany)",Berlin,Germany,java|python|machine-learning|scala
http://careers.stackoverflow.com/jobs/91687/security-analyst-m-f-zalando-se,"Security Analyst (m/f) at Zalando SE (Berlin, Germany)",Berlin,Germany,html5|security
http://careers.stackoverflow.com/jobs/91813/python-software-developer-to-help-build-our-betbright,"Python Software Developer to Help Build Our Betting Platform! at BetBright (Dublin, Ireland)",Dublin,Ireland,python|mysql|linux|git|twisted
http://careers.stackoverflow.com/jobs/91936/senior-developer-net-solarwinds,"Senior Developer .NET at SolarWinds (Kraków, Poland)",Krakow,Poland,jquery|c#|angularjs|.net|extjs
http://careers.stackoverflow.com/jobs/91955/js-engineer-london-office-based-monetate-ltd,"JS Engineer, London office based at Monetate, Ltd. (London, UK)",London,United Kingdom,css|html|dom
http://careers.stackoverflow.com/jobs/92034/senior-software-engineer-android-here-a-nokia-company,"Senior Software Engineer - Android at HERE, a Nokia company (Berlin, Germany)",Berlin,Germany,java|json|android|mobile|sdk
http://careers.stackoverflow.com/jobs/92502/software-engineer-python-really-strong-team-growbots,"Software Engineer, Python - really strong team, big scale (30+ servers) at Growbots (Warsaw, Poland)",Warsaw,Poland,python|rest|elasticsearch|docker|celery
http://careers.stackoverflow.com/jobs/92528/python-engineer-mirantis-inc,"Python Engineer at Mirantis, Inc. (Pozna, Polska)",Poznań,Poland,python|django|linux|high-availability
http://careers.stackoverflow.com/jobs/92645/java-python-integration-developer-multiple-bae-systems-applied,"Java / Python Integration Developer - Multiple roles at different levels at BAE Systems Applied Intelligence (Guildford, UK)",Guildford,United Kingdom,java|python|sql
http://careers.stackoverflow.com/jobs/92734/build-and-tools-tech-lead-devops-jenkins-c-plus-plus-here-a-nokia-company,"Build and Tools Tech Lead - DevOps, Jenkins, C++, Python at HERE, a Nokia company (Berlin, Germany)",Berlin,Germany,python|c++|devops|hudson|jenkins
http://careers.stackoverflow.com/jobs/92745/senior-php-developer-coolblue,"Senior PHP Developer at Coolblue (Rotterdam, Netherlands)",Rotterdam,Netherlands,sql|php|symfony2|json|zend-framework
http://careers.stackoverflow.com/jobs/92774/junior-software-developer-c-sharp-java-vienna-global-blue,"Junior Software Developer (C#, Java) Vienna at Global Blue (Vienna, Austria)",Vienna,Austria,java|c#|.net|mssql
http://careers.stackoverflow.com/jobs/92780/software-developer-java-vienna-global-blue,"Software Developer (Java) Vienna at Global Blue (Vienna, Austria)",Vienna,Austria,java
http://careers.stackoverflow.com/jobs/92783/senior-software-developer-java-global-blue,"Senior Software Developer (Java) at Global Blue (Vienna, Austria)",Vienna,Austria,java
http://careers.stackoverflow.com/jobs/92788/software-development-lead-c-sharp-java-vienna-global-blue,"Software Development Lead (C#, Java) Vienna at Global Blue (Vienna, Austria)",Vienna,Austria,c#
http://careers.stackoverflow.com/jobs/92876/ruby-on-rails-developer-b2match,"Ruby on Rails Developer at B2Match (Vienna, Austria)",Vienna,Austria,javascript|ruby-on-rails|go|ruby|user-interface
http://careers.stackoverflow.com/jobs/92903/full-stack-software-developers-groupon-international,"Full-Stack Software Developers at Groupon International (Dublin, Ireland)",Dublin,Ireland,java|javascript|ruby-on-rails|restful-architecture|sql
http://careers.stackoverflow.com/jobs/92906/c-sharp-developers-building-geospatial-data-and-landmark-information-group,"C# Developers building geospatial data and visualisation software at Landmark Information Group (Exeter, UK)",Exeter,United Kingdom,c#|angularjs|asp.net|agile
http://careers.stackoverflow.com/jobs/92910/java-developer-department-for-work-pensions,"Java Developer at Department for Work & Pensions (Leeds, UK)",Leeds,United Kingdom,java|css|javascript|html5|ruby
http://careers.stackoverflow.com/jobs/92983/full-stack-development-engineer-groupon-international,"Full Stack Development Engineer at Groupon International (, )",Athens,Greece,java|python|javascript|node.js|perl
http://careers.stackoverflow.com/jobs/92996/java-scala-software-engineer-feedzai,"Java/Scala Software Engineer at Feedzai (Lisbon, Portugal)",Lisbon,Portugal,java|scala|distributed-system|akka
http://careers.stackoverflow.com/jobs/93072/data-scientist-feedzai,"Data Scientist at Feedzai (Lisbon, Portugal)",Lisbon,Portugal,python|machine-learning|sql|data-analysis|statistics
http://careers.stackoverflow.com/jobs/93085/java-software-consultant-feedzai,"Java Software Consultant at Feedzai (Lisbon, Portugal)",Lisbon,Portugal,css|html|javascript|jquery|sql-server
http://careers.stackoverflow.com/jobs/93180/web-developer-asp-net-c-sharp-mvc-javascript-creative-clarity-ltd,"Web Developer - ASP. Net / C# / MVC / JavaScript at Creative Clarity Ltd (Milton Keynes, UK)",Milton Keynes,United Kingdom,javascript|c#|asp.net|ajax|sql-server-2008
http://careers.stackoverflow.com/jobs/93236/frontend-developer-m-f-celonis-gmbh,"Frontend Developer (m/f) at Celonis GmbH (München, Deutschland)",Munich,Germany,css|html|javascript|angularjs|rest
http://careers.stackoverflow.com/jobs/93246/qa-lead-software-engineer-in-test-simply-business,"QA Lead / Software Engineer in Test at Simply Business (London, UK)",London,United Kingdom,automation|software-engineering|testing|qa|manual
http://careers.stackoverflow.com/jobs/93342/web-software-engineer-equities-technology-bats-chi-x-europe,"Web Software Engineer - Equities Technology at BATS Chi-X Europe (London, UK)",London,United Kingdom,python|html|javascript|django|extjs
http://careers.stackoverflow.com/jobs/93378/senior-software-engineer-machine-learning-quantcast,"Senior Software Engineer - Machine Learning at Quantcast (London, UK)",London,United Kingdom,java|c++|multithreading|mapreduce|scalability
http://careers.stackoverflow.com/jobs/93457/software-development-engineer-big-data-hotelscom,"Software Development Engineer - Big Data at Hotels.com (London, UK)",London,United Kingdom,hadoop|java|cassandra|cascading|maven
http://careers.stackoverflow.com/jobs/93462/software-developer-java-cloud-net-mobile-pa-consulting,"Software Developer (Java, Cloud, .Net, Mobile) at PA Consulting (London, UK)",London,United Kingdom,java|c#|.net|mobile|cloud
http://careers.stackoverflow.com/jobs/93473/big-data-developer-contract-hotelscom,"Big Data Developer - Contract at Hotels.com (London, UK)",London,United Kingdom,hadoop|java|bigdata|rest|hive
http://careers.stackoverflow.com/jobs/93550/software-engineer-python-django-optimdata,"Software Engineer Python/Django at OptimData (Paris, France)",Paris,France,python|django|rest|pandas|django-rest-framework
http://careers.stackoverflow.com/jobs/93573/senior-backend-engineer-metrigo-gmbh-zalando-se,"Senior Backend Engineer at Metrigo Gmbh (Zalando SE) (Hamburg, Germany)",Hamburg,Germany,java|bigdata|lmax|netty
http://careers.stackoverflow.com/jobs/93589/java-developers-transforming-data-into-elegant-landmark-information-group,"Java Developers transforming data into elegant solutions at Landmark Information Group (Exeter, UK)",Exeter,United Kingdom,java|spring|hibernate|jira|java-8
http://careers.stackoverflow.com/jobs/93697/php-developer-cto-skipassgo-srl,"PHP DEVELOPER - CTO at SkipassGo srl (Trento, Italy)",Trento,Italy,amazon-web-services|javascript|php|elasticsearch|sysadmin
http://careers.stackoverflow.com/jobs/93705/senior-software-engineer-taptap-networks-sl,"Senior Software Engineer at TAPTAP Networks S.L. (Madrid, Spain)",Madrid,Spain,java|mongodb|node.js|elasticsearch|redis
http://careers.stackoverflow.com/jobs/93706/systems-engineer-devops-taptap-networks-sl,"Systems Engineer & Devops at TAPTAP Networks S.L. (Madrid, Spain)",Madrid,Spain,amazon-web-services|mongodb|sysadmin|nginx|puppet|redis
http://careers.stackoverflow.com/jobs/93829/team-lead-platform-watty-ab,"Team Lead Platform at Watty AB (Stockholm, Sweden)",Stockholm,Sweden,python|linux|rabbitmq|docker|microservices
http://careers.stackoverflow.com/jobs/93992/ios-developer-swift-objective-c-permanent-creasoft-ag,"iOS Developer (Swift/Objective-C) - permanent/freelance at Creasoft AG (Mauren, Liechtenstein) (allows remote)",Mauren,Liechtenstein,mobile|ios|objective-c|swift|iphone
http://careers.stackoverflow.com/jobs/94017/senior-java-back-end-software-engineer-vmware-bulgaria,"Senior Java Back-End Software Engineer at VMware Bulgaria (Sofia, Bulgaria)",Sofia,Bulgaria,java|oop|architecture
http://careers.stackoverflow.com/jobs/94028/automation-quality-assurance-engineer-vmware-bulgaria,"Automation Quality Assurance Engineer at VMware Bulgaria (Sofia, Bulgaria)",Sofia,Bulgaria,testing|qa|automated-tests|quality
http://careers.stackoverflow.com/jobs/94039/junior-test-automation-qa-engineer-with-java-aspect,"Junior Test Automation QA Engineer with Java at aspect (Galway, Ireland)",Galway,Ireland,java|testing|qa
http://careers.stackoverflow.com/jobs/94099/technical-ecommerce-search-guru-elasticsearch-the-electronics-online-group,"Technical eCommerce Search Guru / Elasticsearch Expert (m/f) at The Electronics Online Group / redcoon GmbH (member of Media-Saturn Group) (München, Deutschland)",Munich,Germany,java|nosql|php|elasticsearch|lucene
http://careers.stackoverflow.com/jobs/94137/senior-engineer-image-processing-and-data-qiagen-instruments-ag,"Senior Engineer Image Processing and Data Analytics (m/w) at Qiagen Instruments AG (Hombrechtikon, Schweiz)",Hombrechtikon,Switzerland,c++|c#|r|matlab|uml
http://careers.stackoverflow.com/jobs/94227/software-developer-perl-m-f-at-the-start-up-of-savingglobal-gmbh,"Software Developer Perl (m/f) at the ""Start-up of the year 2015"" at SavingGlobal GmbH (Berlin, Deutschland)",Berlin,Germany,mysql|linux|perl|otrs
http://careers.stackoverflow.com/jobs/94248/software-engineer-logentries,"Software Engineer at Logentries (Dublin, Ireland)",Dublin,Ireland,java|python|sql|linux|sysadmin
http://careers.stackoverflow.com/jobs/94251/automation-engineer-logentries,"Automation Engineer at Logentries (Dublin, Ireland)",Dublin,Ireland,python|bigdata|automation|performance|testing
http://careers.stackoverflow.com/jobs/94319/tech-lead-api-driven-web-applications-m-s-digital,"Tech Lead API Driven Web Applications at M&S Digital (London, UK)",London,United Kingdom,java|amazon-web-services|spring|java-8
http://careers.stackoverflow.com/jobs/94342/engineering-systems-data-engineer-arm-ltd,"Engineering Systems Data Engineer at ARM Ltd (Cambridge, UK)",Cambridge,United Kingdom,hadoop|sql|apache-spark|r
http://careers.stackoverflow.com/jobs/94349/lead-android-developer-f-m-dawanda-gmbh,"Lead Android Developer (f/m) at DaWanda GmbH (Berlin, Deutschland)",Berlin,Germany,dagger|data-binding|mvvm|retrolambda|rx-java
http://careers.stackoverflow.com/jobs/94359/security-engineer-hotelscom,"Security Engineer at Hotels.com (London, UK)",London,United Kingdom,java|web|security|analysis|manager
http://careers.stackoverflow.com/jobs/94428/internship-technology-m-f-westwing-home-living,"Internship Technology (m/f) at Westwing Home & Living (München, Deutschland)",Munich,Germany,e-commerce|operations|management|product|technology
http://careers.stackoverflow.com/jobs/94455/data-engineer-python-postgresql-and-redis-lyst,"Data Engineer - Python, PostgreSQL and Redis at Lyst (London, UK)",London,United Kingdom,python|amazon-web-services|postgresql|elasticsearch|redis
http://careers.stackoverflow.com/jobs/94458/site-reliability-engineer-software-engineer-trivago-gmbh,"Site Reliability Engineer / Software Engineer at trivago GmbH (Düsseldorf, Deutschland)",Dusseldorf,Germany,python|c++|php|c|bash
http://careers.stackoverflow.com/jobs/94669/projektleiter-in-internet-of-things-für-big-data-festool,"Projektleiter/in Internet of Things für Big Data Analytics at Festool (Wendlingen, Deutschland)",Wendlingen am Neckar,Germany,machine-learning|r|project-management|agile-project-management
http://careers.stackoverflow.com/jobs/94689/experienced-front-end-engineer-geckoboard,"Experienced Front-End Engineer at Geckoboard (London, UK)",London,United Kingdom,javascript|tdd|reactjs|gruntjs
http://careers.stackoverflow.com/jobs/94765/java-developer-publishing-newsroom-financial-times,"Java Developer - Publishing/Newsroom at Financial Times (London, UK)",London,United Kingdom,java|apache|bdd|http|semantic-web
http://careers.stackoverflow.com/jobs/94809/senior-php-symfony2-developer-m-w-exozet-berlin-gmbh,"(Senior) PHP / Symfony2 Developer (m/w) at Exozet Berlin GmbH (Berlin, Deutschland)",Berlin,Germany,php|symfony2|oop|backend|doctrine
http://careers.stackoverflow.com/jobs/94818/technical-principal-thoughtworks,"Technical Principal at ThoughtWorks (London, UK)",London,United Kingdom,java|python|ruby|architecture|lead
http://careers.stackoverflow.com/jobs/94819/technical-principal-thoughtworks,"Technical Principal at ThoughtWorks (Manchester, UK)",Manchester,United Kingdom,java|python|ruby|architecture|lead
http://careers.stackoverflow.com/jobs/94824/senior-software-engineer-java-big-data-criteo,"Senior Software Engineer Java/Big Data at Criteo (Grenoble, France)",Grenoble,France,java
http://careers.stackoverflow.com/jobs/94880/back-end-developer-in-fast-growing-start-up-energimolnet-by-playback,"Back-end developer in fast growing Start-up at Energimolnet by Playback Energy AB (Gothenburg, Sweden)",Gothenburg,Sweden,angularjs|mongodb|php|yii|heroku
http://careers.stackoverflow.com/jobs/94896/senior-datenbankentwickler-m-w-ms-sql-mysql-infoteam-software-ag,"(Senior) Datenbankentwickler (m/w) MS SQL, MySQL at infoteam Software AG (Bubenreuth, Deutschland)",Bubenreuth,Germany,mysql|bigdata|sql-server|vldb
http://careers.stackoverflow.com/jobs/95157/java-scala-developer-m-f-transpaygo-gmbh,"Java Scala Developer (M/F) at Transpaygo GmbH (Wien, Österreich)",Vienna,Austria,java
http://careers.stackoverflow.com/jobs/95227/qa-tester-icemobile-agency-bv,"QA Tester at IceMobile Agency B.V. (Amsterdam, Netherlands)",Amsterdam,Netherlands,javascript|mobile|testing|automated-tests
http://careers.stackoverflow.com/jobs/95244/devops-engineer-icemobile-agency-bv,"DevOps Engineer at IceMobile Agency B.V. (Amsterdam, Netherlands)",Amsterdam,Netherlands,linux|network-programming|cloud|devops|aws-sdk
http://careers.stackoverflow.com/jobs/95285/senior-software-developer-with-bi-skills-coolblue,"Senior Software Developer with BI skills at Coolblue (Rotterdam, Netherlands)",Rotterdam,Netherlands,hadoop|machine-learning|sql|business-intelligence|r
http://careers.stackoverflow.com/jobs/95459/developer-typeform,"Developer at Typeform (El Prat de Llobregat, Spain)",el Prat de Llobregat,Spain,javascript|php|frontend|git|golang
http://careers.stackoverflow.com/jobs/95548/senior-c-sharp-aspnet-developer-abb,"Senior C# / ASP.Net Developer at ABB (Kraków, Polska)",Krakow,Poland,javascript|c#|asp.net|.net|wcf
http://careers.stackoverflow.com/jobs/95555/developer-senior-developer-high-performance-lloyds-of-london,"Developer/Senior Developer, High Performance Computing Team at Lloyd's of London (London, UK)",London,United Kingdom,bigdata|quantitative-finance|hpc|grid-computing
http://careers.stackoverflow.com/jobs/95561/web-application-developer-berlin-nightlife-abend-ag,"Web Application Developer - Berlin Nightlife Startup 55k at Abend AG (Berlin, Deutschland)",Berlin,Germany,css|html|javascript|angularjs|cordova
http://careers.stackoverflow.com/jobs/95606/senior-linux-it-administrator-european-molecular-biology,"Senior Linux IT Administrator at European Molecular Biology Laboratory (EMBL) (Hamburg, Germany)",Hamburg,Germany,linux|sysadmin
http://careers.stackoverflow.com/jobs/95608/senior-computational-scientist-european-molecular-biology,"Senior Computational Scientist at European Molecular Biology Laboratory (EMBL) (Hamburg, Germany)",Hamburg,Germany,c++|c|matlab|fortran
http://careers.stackoverflow.com/jobs/95691/software-engineer-core-engine-ontoit-holdings-ltd,"Software Engineer - Core Engine at Ontoit Holdings Ltd (London, UK)",London,United Kingdom,java|distributed-system|agile|search-engine
http://careers.stackoverflow.com/jobs/95692/software-engineer-nlp-developer-ontoit-holdings-ltd,"Software Engineer - NLP Developer at Ontoit Holdings Ltd (London, UK)",London,United Kingdom,java|agile|nlp|search-engine
http://careers.stackoverflow.com/jobs/95693/software-engineer-quality-assurance-developer-ontoit-holdings-ltd,"Software Engineer - Quality Assurance Developer at Ontoit Holdings Ltd (London, UK)",London,United Kingdom,java|distributed-system|agile|qa|search-engine
http://careers.stackoverflow.com/jobs/95694/software-engineer-team-leader-ontoit-holdings-ltd,"Software Engineer - Team Leader at Ontoit Holdings Ltd (London, UK)",London,United Kingdom,java|distributed-system|agile|qa|lead
http://careers.stackoverflow.com/jobs/95699/java-software-developer-wood-mackenzie,"Java Software Developer at Wood Mackenzie (Edinburgh, UK)",Edinburgh,United Kingdom,java|javascript|jquery|sql|xml
http://careers.stackoverflow.com/jobs/95703/software-engineer-c-plus-plus-granta-design-limited,"Software Engineer (C++) at Granta Design Limited (Cambridge, UK)",Cambridge,United Kingdom,java|python|c++|c#|.net
http://careers.stackoverflow.com/jobs/95706/senior-cloud-development-engineer-restful-web-appsense,"Senior Cloud Development Engineer (RESTful web services, Azure, Amazon AWS) at AppSense (Halton, UK)",Halton,United Kingdom,amazon-web-services|javascript|node.js|azure|web-api
http://careers.stackoverflow.com/jobs/95740/senior-backend-developer-sys-admin-greenhouse-innovation,"Senior Backend Developer / Sys Admin at Greenhouse Innovation (Amsterdam, Netherlands)",Amsterdam,Netherlands,java|amazon-web-services|mysql|http
http://careers.stackoverflow.com/jobs/95802/software-developers-for-back-frontend-maritime-data-systems-gmbh,"Software Developers for Back- & Frontend at Maritime Data Systems GmbH (Hamburg, Deutschland)",Hamburg,Germany,java|python|angularjs|elasticsearch|postgis
http://careers.stackoverflow.com/jobs/95805/java-programmer-ravenpack,"Java Programmer at RavenPack (Marbella, Spain)",Marbella,Spain,mysql|java-ee|jpa
http://careers.stackoverflow.com/jobs/95810/data-infrastructure-engineer-content-square,"Data Infrastructure Engineer at Content Square (Paris, France)",Paris,France,hadoop|hbase|scala|spark|puppet
http://careers.stackoverflow.com/jobs/95824/senior-full-stack-developer-great-chance-to-be-telefonica-innovation,"Senior Full Stack Developer - Great chance to be part of a Healthcare project! at Telefonica Innovation (Barcelona, Spain)",Barcelona,Spain,python|c++|django|mysql|mongodb
http://careers.stackoverflow.com/jobs/95840/engineering-manager-technical-leader-for-a-bmat-music-innovation,"Engineering Manager - Technical leader for a Music Software Company at BMAT Music Innovation (Barcelona, Spain)",Barcelona,Spain,python|c|saas|fingerprinting|object
http://careers.stackoverflow.com/jobs/95906/vm-ware-specialist-the-parliamentary-information,"VM Ware Specialist at The Parliamentary Information and Communications Technology Department (PICT) (London, UK)",London,United Kingdom,sql|windows|sysadmin|nas|scom|virtual-machine
http://careers.stackoverflow.com/jobs/95916/devops-engineer-with-python-experience-chirp,"DevOps engineer with Python experience at Chirp (London, UK)",London,United Kingdom,python|amazon-web-services|mongodb|cloud|devops
http://careers.stackoverflow.com/jobs/95938/passionate-java-software-engineer-capgemini,"Passionate Java Software Engineer at Capgemini (Machelen, België)",Machelen,Belgium,java|angularjs|html5|java-ee|spring-mvc
http://careers.stackoverflow.com/jobs/95946/senior-front-end-engineer-synthace-ltd,"Senior Front-End Engineer at Synthace Ltd. (London, UK)",London,United Kingdom,javascript|ajax|database|gulp|polymer
http://careers.stackoverflow.com/jobs/96038/senior-dev-ops-engineer-genomics-england,"Senior Dev Ops Engineer at Genomics England (London, UK)",London,United Kingdom,python|sysadmin|salt-stack
http://careers.stackoverflow.com/jobs/96039/badly-dressed-front-end-developer-efinancialcareers,"Badly Dressed Front End Developer at eFinancialCareers (London, UK)",London,United Kingdom,css|javascript|backbone.js|angularjs|html5
http://careers.stackoverflow.com/jobs/96040/jobba-med-världsunik-teknologi-inom-3d-kartor-vricon-systems-ab,"Jobba med världsunik teknologi inom 3D kartor at Vricon Systems AB (Linköping, Sweden)",Linköping,Sweden,c++|3d|user-interface|qt|opengl
http://careers.stackoverflow.com/jobs/96041/experienced-front-end-developer-adyen,"Experienced Front End Developer at Adyen (Amsterdam, Netherlands)",Amsterdam,Netherlands,css|html|javascript|backbone.js|d3.js
http://careers.stackoverflow.com/jobs/96049/senior-tester-forensische-big-data-rijksoverheid,"Senior tester forensische big data at Rijksoverheid (The Hague, Netherlands)",The Hague,Netherlands,jbehave
http://careers.stackoverflow.com/jobs/96078/sap-hana-test-cloud-senior-developer-job-sap-se,"SAP HANA Test Cloud (Senior) Developer Job at SAP SE (Walldorf, Deutschland)",Walldorf,Germany,python|c++|linux|unix|perl
http://careers.stackoverflow.com/jobs/96079/c-plus-plus-senior-developer-for-the-sap-hana-database-sap-se,"C++ (Senior) Developer for the SAP HANA database team Job at SAP SE (Walldorf, Deutschland)",Walldorf,Germany,python|c++|linux|git|shell
http://careers.stackoverflow.com/jobs/96080/associate-developer-for-sap-hana-database-sap-se,"(Associate) Developer for SAP HANA Database Development Infrastructure Job at SAP SE (Walldorf, Deutschland)",Walldorf,Germany,python|linux|perl|git|shell
http://careers.stackoverflow.com/jobs/96081/looking-for-new-talent-c-plus-plus-associate-developer-sap-se,"Looking for New Talent! C++ (Associate) Developer for the SAP HANA database team at SAP SE (Walldorf, Deutschland)",Walldorf,Germany,python|c++|linux|database|shell
http://careers.stackoverflow.com/jobs/96084/c-sharp-software-engineer-contractors-needed-abide-financial-ltd,"C# Software Engineer Contractors needed at Abide Financial Ltd (Bristol, UK)",Bristol,United Kingdom,c#|bigdata|sql-server|agile|unit-testing
http://careers.stackoverflow.com/jobs/96148/data-visualization-engineer-javascript-timetric,"Data visualization engineer: Javascript at Timetric (London, UK)",London,United Kingdom,javascript|reactjs|data-visualization
http://careers.stackoverflow.com/jobs/96153/it-architect-itility,"IT Architect at Itility (Eindhoven, Nederland)",Eindhoven,Netherlands,java|python|sql|architecture|cloud
http://careers.stackoverflow.com/jobs/96159/software-engineer-python-specialist-job-ref-19-first-light-fusion-ltd,"Software Engineer Python Specialist Job Ref 19 at First Light Fusion Ltd (Begbroke, UK)",Begbroke,United Kingdom,python|linux|boost-python|numerical-methods
http://careers.stackoverflow.com/jobs/96244/ios-developer-fling,"iOS Developer at Fling (London, UK)",London,United Kingdom,ios|objective-c|cocoapods
http://careers.stackoverflow.com/jobs/96333/technical-integrations-manager-renewable-energy-greenbyte-ab,"Technical Integrations Manager - Renewable Energy Sector at Greenbyte AB (Gothenburg, Sweden)",Gothenburg,Sweden,amazon-web-services|sysadmin|database|networking|integration|ipsec
http://careers.stackoverflow.com/jobs/96418/big-data-developer-adcash-oü,"Big Data Developer at Adcash OÜ (Sofia, Bulgaria)",Sofia,Bulgaria,java|python|shell
http://careers.stackoverflow.com/jobs/96429/big-data-java-developer-talex,"Big Data Java Developer at Talex (London, UK)",London,United Kingdom,hbase|java|bigdata|solr|apache-kafka
http://careers.stackoverflow.com/jobs/96432/big-data-devops-engineer-godatadriven,"Big Data DevOps Engineer at GoDataDriven (Amsterdam, Netherlands)",Amsterdam,Netherlands,hadoop|data-management|etl|devops|ansible
http://careers.stackoverflow.com/jobs/96434/software-engineer-android-ios-theamazeapp-ug,"Software Engineer, Android / iOS at TheAmazeApp UG (Köln, Deutschland)",Cologne,Germany,java|android|ios|objective-c
http://careers.stackoverflow.com/jobs/96440/consultants-developer-m-w-deutschlandweit-codecentric-ag,"Consultants / Developer (m/w), deutschlandweit at codecentric AG (Düsseldorf, Germany)",Dusseldorf,Germany,bigdata|atlassian|continuous-delivery
http://careers.stackoverflow.com/jobs/96448/software-testers-manual-and-automated-central-axios-systems,"Software Testers - Manual and Automated - Central Edinburgh at Axios Systems (Edinburgh, UK)",Edinburgh,United Kingdom,java|selenium
http://careers.stackoverflow.com/jobs/96453/senior-java-and-c-developer-architect-for-telco-mcentric,"Senior Java and C Developer/Architect for Telco Big Data Pioneer at mCentric (Las Rozas, Spain) (allows remote)",Las Rozas de Madrid,Spain,java|bigdata|c|architecture|telecommunication
http://careers.stackoverflow.com/jobs/96454/senior-developer-manager-with-java-and-sql-for-mcentric,"Senior Developer / Manager with Java and SQL for Telco Big Data Pioneer at mCentric (Las Rozas, Spain) (allows remote)",Las Rozas de Madrid,Spain,java|bigdata|c|project-management|telecommunication
http://careers.stackoverflow.com/jobs/96482/senior-python-engineer-backend-mirantis-inc,"Senior Python Engineer (Backend) at Mirantis, Inc. (Pozna, Polska) (allows remote)",Poznań,Poland,python|django|linux|networking
http://careers.stackoverflow.com/jobs/96490/associate-developer-for-healthcare-sap-se,"(Associate) Developer for Healthcare at SAP SE (Potsdam, Germany)",Potsdam,Germany,java|c++|sql|node.js
http://careers.stackoverflow.com/jobs/96540/data-scientist-rijksoverheid,"Data scientist at Rijksoverheid (The Hague, Netherlands)",The Hague,Netherlands,java|c++|scala
http://careers.stackoverflow.com/jobs/96546/iot-software-engineer-embedded-linux-development-intel,"IOT Software Engineer Embedded Linux Development at Intel (Leixlip, Ireland)",Leixlip,Ireland,linux|c|embedded|i2c|iot
http://careers.stackoverflow.com/jobs/96555/sql-dba-use-your-sql-expertise-to-help-us-keep-transport-for-london,"SQL DBA - use your SQL expertise to help us keep London moving! at Transport for London (London, UK)",London,United Kingdom,mysql|sql|sysadmin|database|disaster-recovery|database-administration
http://careers.stackoverflow.com/jobs/96557/machine-learning-engineer-importio,"Machine Learning Engineer at import.io (London, UK)",London,United Kingdom,hadoop|python|machine-learning|apache-spark|nlp
http://careers.stackoverflow.com/jobs/96562/software-developer-java-tracsis-plc,"Software Developer Java at Tracsis plc (Manchester, UK)",Manchester,United Kingdom,java|javascript|sql|spring|oracle
http://careers.stackoverflow.com/jobs/96564/ground-breaking-social-enterprise-seeks-full-social-finance-ltd,"Ground-breaking Social Enterprise Seeks - Full Stack Engineer at Social Finance Ltd (London, UK)",London,United Kingdom,etl|node.js|database|reactjs|couchbase
http://careers.stackoverflow.com/jobs/96565/software-developer-planning-and-scheduling-tracsis-plc,"Software Developer - Planning and Scheduling Systems at Tracsis plc (Leeds, UK)",Leeds,United Kingdom,java|javascript|c#|sql|selenium
http://careers.stackoverflow.com/jobs/96570/data-quality-analyst-sainsburys,"Data Quality Analyst at Sainsbury's (London, UK)",London,United Kingdom,sql|sysadmin|sas
http://careers.stackoverflow.com/jobs/96575/mid-level-backend-developer-onno-media-ltd,"Mid-Level Backend Developer at Onno Media Ltd (Bath, UK)",Bath,United Kingdom,python|amazon-web-services|javascript|jquery|django
http://careers.stackoverflow.com/jobs/96583/quality-assurance-developer-ontoit-holdings-ltd,"Quality Assurance Developer at Ontoit Holdings Ltd (London, UK)",London,United Kingdom,java|agile|qa|search-engine
http://careers.stackoverflow.com/jobs/96593/product-designer-ux-and-visual-pivotal-labs,"Product Designer - UX and Visual at Pivotal Labs (Dublin, Ireland)",Dublin,Ireland,javascript|jquery|ruby-on-rails|android|ios
http://careers.stackoverflow.com/jobs/96631/senior-software-engineer-aspnet-c-sharp-frontiers,"Senior Software Engineer ASP.NET C# at Frontiers (Lausanne, Switzerland)",Lausanne,Switzerland,c#|asp.net|sql-server|rest|agile
http://careers.stackoverflow.com/jobs/96634/senior-software-engineer-java-scala-here-a-nokia-company,"Senior Software Engineer-Java/Scala at HERE, a Nokia company (Berlin, Germany)",Berlin,Germany,java|scala|api|scripting-language
http://careers.stackoverflow.com/jobs/96636/software-engineer-voice-guidance-text-to-here-a-nokia-company,"Software Engineer -Voice Guidance,Text-to-Speech(TTS) at HERE, a Nokia company (Berlin, Germany)",Berlin,Germany,python|ruby|lua|text-to-speech|voice
http://careers.stackoverflow.com/jobs/96639/ui-developer-frontiers,"UI Developer at Frontiers (Pozuelo de Alarcón, Spain)",Pozuelo de Alarcón,Spain,css|html|javascript|jquery|user-interface
http://careers.stackoverflow.com/jobs/96642/full-stack-engineer-budapest-prezicom,"Full Stack Engineer - Budapest at Prezi.com (Budapest, Magyarország)",Budapest,Hungary,python|javascript|html5|jvm
http://careers.stackoverflow.com/jobs/96649/c-plus-plus-developer-for-low-latency-trading-arbillon-capital-ag,"C++ Developer for Low Latency Trading at Arbillon Capital AG (Wollerau, Switzerland)",Wollerau,Switzerland,c++
http://careers.stackoverflow.com/jobs/96750/senior-php-developer-datto-emea,"Senior PHP Developer at Datto EMEA (Reading, Regne Unit)",Reading,United Kingdom,css|javascript|php|bash|saas
http://careers.stackoverflow.com/jobs/96752/systems-engineer-amazon,"Systems Engineer at Amazon (Dublin, Ireland)",Dublin,Ireland,python|ruby|linux
http://careers.stackoverflow.com/jobs/96763/software-engineer-java-embl-ebi,"Software Engineer (Java) at EMBL-EBI (Hinxton, UK)",Hinxton,United Kingdom,javascript|restful-architecture|sql|maven|jsp
http://careers.stackoverflow.com/jobs/96765/software-engineer-web-development-brandcrumb,"Software Engineer- Web Development at Brandcrumb (Barcelona, Spain)",Barcelona,Spain,javascript|mysql|php|rest|git
http://careers.stackoverflow.com/jobs/96770/big-data-engineer-kpn,"(Big) Data Engineer at KPN (The Hague, Netherlands)",The Hague,Netherlands,data|analyst|big|specialist|telecom
http://careers.stackoverflow.com/jobs/96771/systems-engineer-brandcrumb,"Systems Engineer at Brandcrumb (Barcelona, Spain)",Barcelona,Spain,hadoop|nosql|amazon-web-services|sysadmin|chef|puppet
http://careers.stackoverflow.com/jobs/96773/software-engineer-backend-brandcrumb,"Software Engineer- Backend at Brandcrumb (Barcelona, Spain)",Barcelona,Spain,java|python|c++|mysql|ruby
http://careers.stackoverflow.com/jobs/96776/back-end-software-engineer-mclaren-applied-technologies,"Back End Software Engineer at McLaren Applied Technologies (Woking, UK)",Woking,United Kingdom,java|scala|rest|agile|backend
http://careers.stackoverflow.com/jobs/96796/fashion-plusbig-data-startup-looking-for-backend-stylesage-fashion-meets-big,"Fashion+Big Data Startup looking for Backend Engineer, Madrid at StyleSage - Fashion meets Big Data (Madrid, Spain)",Madrid,Spain,python|machine-learning|web-crawler|angularjs|database
http://careers.stackoverflow.com/jobs/96852/database-programmer-and-developer-university-of-oxford,Database Programmer and Developer at University of Oxford (UK),Uk,Russia,python|css|sql|html5|php
http://careers.stackoverflow.com/jobs/96865/java-front-end-developer-m-f-simscale-gmbh,"Java Front-end Developer (m/f) at SimScale GmbH (München, Germany)",Munich,Germany,java|css|javascript|gwt|uml
http://careers.stackoverflow.com/jobs/96884/data-scientist-hf-cdi-paris-mosaïc-finance,"Data Scientist (HF) - CDI/Paris at Mosaïc Finance (Paris, France)",Paris,France,hadoop|python|machine-learning|sql|r
http://careers.stackoverflow.com/jobs/96891/lead-full-stack-developer-cupris-health,"Lead Full Stack Developer at Cupris Health (London, UK)",London,United Kingdom,machine-learning|ruby|ios|objective-c|heroku
http://careers.stackoverflow.com/jobs/96949/software-qa-automation-engineer-cyren-gmbh,"Software QA Automation Engineer at CYREN GmbH (Berlin, Germany)",Berlin,Germany,java|c++|linux|unit-testing|jenkins
http://careers.stackoverflow.com/jobs/96966/software-engineer-c-plus-plus-traffic-team-here-a-nokia-company,"Software Engineer (C++), Traffic Team at HERE, a Nokia company (Berlin, Germany)",Berlin,Germany,c++|linux|scripting|continuous-integration|backend
http://careers.stackoverflow.com/jobs/96968/senior-software-engineer-java-scala-automotive-here-a-nokia-company,"Senior Software Engineer-Java/Scala(Automotive) at HERE, a Nokia company (Berlin, Germany)",Berlin,Germany,java|scala|java-ee|backend
http://careers.stackoverflow.com/jobs/96976/frontend-entwickler-m-w-key-work-consulting-gmbh,"Frontend Entwickler (m/w) at Key-Work Consulting GmbH (Karlsruhe, Deutschland)",Karlsruhe,Germany,css|javascript|jquery|html5|gruntjs
http://careers.stackoverflow.com/jobs/96987/softwareentwickler-java-ruby-in-vollzeit-m-w-bayard-consulting-gmbh,"Softwareentwickler (JAVA / RUBY) in Vollzeit (M/W) at Bayard Consulting GmbH (Köln, Deutschland)",Cologne,Germany,java|javascript|ruby-on-rails|mysql|html5
http://careers.stackoverflow.com/jobs/96991/senior-front-end-developer-royal-society-of-chemistry,"Senior Front-End Developer at Royal Society of Chemistry (Cambridgeshire, UK)",March,United Kingdom,jquery|css3|html5|responsive-design|bootstrap
http://careers.stackoverflow.com/jobs/97002/ui-developer-abcam,"UI Developer at Abcam (Cambridgeshire, UK)",March,United Kingdom,javascript|css3|html5
http://careers.stackoverflow.com/jobs/97003/online-forecasting-optimisation-analyst-sainsburys,"Online Forecasting & Optimisation Analyst at Sainsbury's (London, UK)",London,United Kingdom,python|sql|sysadmin|r|sas
http://careers.stackoverflow.com/jobs/97004/business-intelligence-analyst-sainsburys,"Business Intelligence Analyst at Sainsbury's (London, UK)",London,United Kingdom,hadoop|sql|sysadmin|hive|r|mahout
http://careers.stackoverflow.com/jobs/97043/big-data-engineer-real-time-video-sharing-grabyo,"Big Data Engineer: real-time video sharing at Grabyo (London, UK)",London,United Kingdom,amazon-web-services|etl|amazon-redshift|apache-spark|amazon-emr
http://careers.stackoverflow.com/jobs/97056/junior-java-javascript-developer-palantir-solutions,"Junior Java/JavaScript Developer at Palantir Solutions (London, UK)",London,United Kingdom,java|javascript|crm|erp|netsuite
http://careers.stackoverflow.com/jobs/97058/tech-lead-data-science-team-m-f-trustyou-gmbh,"Tech Lead - Data Science Team (m/f) at TrustYou GmbH (München, Deutschland)",Munich,Germany,nosql|machine-learning|javascript|rest|nlp
http://careers.stackoverflow.com/jobs/97060/web-application-software-engineer-trustyou-gmbh,"Web Application / Software Engineer at TrustYou GmbH (München, Deutschland)",Munich,Germany,python|css|html|javascript|rest
http://careers.stackoverflow.com/jobs/97062/pds-petrotechnical-pds-petrotechnical,"PDS Petrotechnical at PDS Petrotechnical (Sofia, Bulgaria)",Sofia,Bulgaria,quality|engineer|software|assurance|tester
http://careers.stackoverflow.com/jobs/97065/senior-php-backend-developer-to-work-with-real-visca-web,"Senior PHP Backend Developer to work with Real-Time Sports Data at Visca Web (Barcelona, Spain)",Barcelona,Spain,php|xml|real-time|solid-principles|backend
http://careers.stackoverflow.com/jobs/97084/software-development-engineer-amazon,"Software Development Engineer at Amazon (Dublin, Ireland)",Dublin,Ireland,java|c++
http://careers.stackoverflow.com/jobs/97090/software-architect-803-cambridge-consultants,"Software Architect - 803 at Cambridge Consultants (Cambridge, UK)",Cambridge,United Kingdom,postgresql|mysql|bigdata|sysadmin|architecture|software-engineering
http://careers.stackoverflow.com/jobs/97094/front-end-javascript-developer-ixara-ltd,"Front-end Javascript Developer at iXara Ltd (Great Gaddesden, UK) (allows remote)",Great Gaddesden,United Kingdom,css|javascript|html5|node.js|reactjs
http://careers.stackoverflow.com/jobs/97108/systems-engineer-aws-network-monitoring-amazon,"Systems Engineer, AWS Network Monitoring at Amazon (Dublin, Ireland)",Dublin,Ireland,python|ruby|linux
http://careers.stackoverflow.com/jobs/97186/lead-technologist-technologist-department-for-work-and,"Lead Technologist/ Technologist at Department for Work and Pensions (Newcastle upon Tyne, UK)",Newcastle upon Tyne,United Kingdom,java|python|javascript|.net|unix
http://careers.stackoverflow.com/jobs/97191/java-developer-department-for-work-pensions,"Java Developer at Department for Work & Pensions (London, UK)",London,United Kingdom,java|css|javascript|html5|ruby
http://careers.stackoverflow.com/jobs/97192/java-developer-department-for-work-pensions,"Java Developer at Department for Work & Pensions (Newcastle upon Tyne, UK)",Newcastle upon Tyne,United Kingdom,java|css|javascript|html5|ruby
http://careers.stackoverflow.com/jobs/97193/java-developer-department-for-work-pensions,"Java Developer at Department for Work & Pensions (Blackpool, UK)",Blackpool,United Kingdom,java|css|javascript|html5|ruby
http://careers.stackoverflow.com/jobs/97194/java-developer-department-for-work-pensions,"Java Developer at Department for Work & Pensions (Sheffield, UK)",Sheffield,United Kingdom,java|css|javascript|html5|ruby
http://careers.stackoverflow.com/jobs/97196/software-development-engineer-amazon,"Software Development Engineer at Amazon (Dublin, Ireland)",Dublin,Ireland,software|development
http://careers.stackoverflow.com/jobs/97198/cloud-architect-m-f-cloudreach-gmbh,"Cloud Architect m/f at Cloudreach GmbH (München, Germany)",Munich,Germany,python|ruby|linux|cloud
http://careers.stackoverflow.com/jobs/97206/principal-software-engineer-service-owner-bbc,"Principal Software Engineer (Service Owner - myBBC ID) at BBC (London, UK)",London,United Kingdom,java|amazon-web-services|php|tdd|restful-url
http://careers.stackoverflow.com/jobs/97210/senior-software-development-engineer-aws-amazon,"Senior Software Development Engineer, AWS Networking at Amazon (Dublin, Ireland)",Dublin,Ireland,software|development
http://careers.stackoverflow.com/jobs/97211/mobile-application-developer-android-ios-rocket-internet-se,"Mobile Application Developer Android/iOS at Rocket Internet SE (Berlin, Germany)",Berlin,Germany,android|ios|objective-c
http://careers.stackoverflow.com/jobs/97215/experienced-javascript-developer-qlik,"Experienced Javascript Developer at Qlik (Lund, Sweden)",Lund,Sweden,html|javascript|c#|html5|agile
http://careers.stackoverflow.com/jobs/97222/software-development-engineer-ref-irc202655-the-science-and-technology,"Software Development Engineer Ref: IRC202655 at The Science and Technology Facilities Council (Didcot, UK)",Didcot,United Kingdom,software|development|laser|trac
http://careers.stackoverflow.com/jobs/97225/senior-software-engineer-data-scientist-here-a-nokia-company,"Senior Software Engineer/Data Scientist at HERE, a Nokia company (Berlin, Germany)",Berlin,Germany,java|c++|scala|data|data-mining
http://careers.stackoverflow.com/jobs/97232/fashion-plusbig-data-startup-looking-for-front-full-stylesage-fashion-meets-big,"Fashion+Big Data Startup looking for Front/Full-Stack Developer, Madrid at StyleSage - Fashion meets Big Data (Madrid, Spain)",Madrid,Spain,javascript|django|angularjs|d3.js|underscore.js
http://careers.stackoverflow.com/jobs/97249/analyst-programmer-support-the-british-museum,"Analyst Programmer: Support at The British Museum (London, UK)",London,United Kingdom,java|c#|sql|asp.net|soap
http://careers.stackoverflow.com/jobs/97254/lead-utvecklare-för-offertase-offerta-ab,"Lead-utvecklare för Offerta.se at Offerta AB (Stockholm, Sweden)",Stockholm,Sweden,c#|angularjs|asp.net|asp.net-mvc|asp.net-web-api
http://careers.stackoverflow.com/jobs/97264/database-administrator-embl-ebi,"Database Administrator at EMBL-EBI (Hinxton, UK)",Hinxton,United Kingdom,postgresql|mysql|linux|oracle11g|sql-server-2008
http://careers.stackoverflow.com/jobs/97267/c-plus-plus-software-engineer-bucharest-or-prague-anritsu,"C++ Software Engineer- Bucharest or Prague at Anritsu (Praha, eská republika)",Prague,Czech Republic,python|c++|linux|stl|design-patterns
http://careers.stackoverflow.com/jobs/97281/ios-developer-c-c-plus-plus-guided-knowledge-central,"iOS Developer (C, C++) at Guided Knowledge Central (Bucureti, Romania)",Bucharest,Romania,c++|ios|objective-c|swift|cocoa-touch
http://careers.stackoverflow.com/jobs/97307/systems-engineer-amazon,"Systems Engineer at Amazon (Dublin, Ireland)",Dublin,Ireland,python|ruby|linux
http://careers.stackoverflow.com/jobs/97388/backend-developer-benchmarking-alliance-nordic,"Backend developer at Benchmarking Alliance Nordic AB (Stockholm, Sweden)",Stockholm,Sweden,python|django|postgresql|angularjs|tastypie
http://careers.stackoverflow.com/jobs/97393/frontend-developer-for-startup-in-berlin-m-f-whitewall-gmbh,"Frontend Developer for Startup in Berlin (m/f) at Whitewall GmbH (Berlin, Deutschland)",Berlin,Germany,javascript|jquery|php|ajax|magento
http://careers.stackoverflow.com/jobs/97394/full-stack-web-engineer-for-leading-saas-product-freeagent,"Full-stack web engineer for leading SaaS product at FreeAgent (Edinburgh, UK) (allows remote)",Edinburgh,United Kingdom,javascript|ruby-on-rails|mysql|web|ruby
http://careers.stackoverflow.com/jobs/97418/senior-net-developer-excelian,"Senior .NET Developer at Excelian (London, UK)",London,United Kingdom,c#|.net
http://careers.stackoverflow.com/jobs/97427/senior-application-developer-contentive,"Senior Application Developer at Contentive (London, UK)",London,United Kingdom,python|mongodb|agile|elasticsearch|deployment
http://careers.stackoverflow.com/jobs/97428/senior-app-developer-bbc,"Senior App Developer at BBC (Cardiff, UK)",Cardiff,United Kingdom,javascript|css3|html5
http://careers.stackoverflow.com/jobs/97436/front-end-developer-solita-oy,"Front-end Developer at Solita Oy (Helsinki, Finland)",Helsinki,Finland,css|javascript|angularjs|html5|episerver
http://careers.stackoverflow.com/jobs/97520/entwickler-data-warehouse-informatica-und-dekabank-deutsche-girozentrale,"Entwickler Data Warehouse / Informatica und Oracle PL/SQL (m/w) at DekaBank Deutsche Girozentrale (Frankfurt am Main, Deutschland)",Frankfurt am Main,Germany,etl|sql|sysadmin|oracle
http://careers.stackoverflow.com/jobs/97526/data-analyst-bae-systems,"Data Analyst at BAE Systems (Portsmouth, UK)",Portsmouth,United Kingdom,excel|matlab|wolfram-mathematica
http://careers.stackoverflow.com/jobs/97540/senior-java-developer-eyefreight-utrecht-area,"Senior Java Developer at Eyefreight - Utrecht Area (Bunnik, Netherlands)",Bunnik,Netherlands,java|rest|oracle|soap|eclips
http://careers.stackoverflow.com/jobs/97548/senior-software-engineer-craneware,"Senior Software Engineer at Craneware (Edinburgh, UK)",Edinburgh,United Kingdom,javascript|c#|angularjs|html5|azure
http://careers.stackoverflow.com/jobs/97556/c-sharp-net-developer-yieldplanet,"C# .NET Developer at YieldPlanet (Warszawa, Poland)",Warsaw,Poland,sql|asp.net|.net|asp.net-mvc|c#-4.0
http://careers.stackoverflow.com/jobs/97565/senior-back-end-developer-net-royal-society-of-chemistry,"Senior Back-end Developer (.NET) at Royal Society of Chemistry (Cambridge, UK)",Cambridge,United Kingdom,c#|tdd|asp.net-mvc|agile|continuous-delivery
http://careers.stackoverflow.com/jobs/97605/research-scientist-text-to-speech-amazon,"Research Scientist - Text-to-Speech at Amazon (Gdask, Polska)",Gdańsk,Poland,research|speech|tts
http://careers.stackoverflow.com/jobs/97629/full-stack-developer-public-sector-software-ltd,"Full Stack Developer at Public Sector Software ltd (Royal Leamington Spa, UK)",Royal Leamington Spa,United Kingdom,c#|angularjs|html5|php|mssql
http://careers.stackoverflow.com/jobs/97631/data-scientist-project-thor,"Data Scientist at Project Thor (Zürich, Schweiz)",Zurich,Switzerland,python|bigdata|scala|elasticsearch|r
http://careers.stackoverflow.com/jobs/97644/web-application-developer-php-leatherhead-dutysheet-ltd,"Web Application Developer - PHP - Leatherhead at DutySheet Ltd (Leatherhead, UK)",Leatherhead,United Kingdom,jquery|mysql|html5|php|git
http://careers.stackoverflow.com/jobs/97659/data-associate-refining-and-chemicals-wood-mackenzie,"Data Associate Refining and Chemicals at Wood Mackenzie (London, UK)",London,United Kingdom,excel|vba|ms-access
http://careers.stackoverflow.com/jobs/97660/technology-lead-big-data-hotelscom,"Technology Lead - Big Data at Hotels.com (London, UK)",London,United Kingdom,hadoop|java|data-warehouse|hive|bash
http://careers.stackoverflow.com/jobs/97739/full-stack-developer-30-hr-crossover,"Full Stack Developer - $30/hr at Crossover (Bucharest, Romania) (allows remote)",Bucharest,Romania,java|javascript|sql|ruby|jvm
http://careers.stackoverflow.com/jobs/97767/software-engineer-for-web-based-simulation-plaxis-bv,"Software Engineer for Web based Simulation Applications at Plaxis bv (Delft, Netherlands)",Delft,Netherlands,javascript|django|css3|html5|extjs
http://careers.stackoverflow.com/jobs/97774/senior-software-developer-coc-navigation-m-f-harman-becker-automotive,"(SENIOR) SOFTWARE DEVELOPER CoC Navigation (m/f) at Harman Becker Automotive Systems GmbH (Garching, Deutschland)",Garching bei München,Germany,java|c++|c|rdf|osmdroid
http://careers.stackoverflow.com/jobs/97778/web-developer-istituto-italiano-di,"Web Developer at Istituto Italiano di Tecnologia (Genova, Italy)",Genoa,Italy,javascript|jquery|angularjs|css3|html5
http://careers.stackoverflow.com/jobs/97802/devops-engineer-importio,"DevOps Engineer at import.io (London, UK)",London,United Kingdom,java|python|amazon-web-services|linux|sysadmin|docker
